{
  "faible": {
    "OF": {
      "n_runs": 10,
      "otif": {
        "mean": 0.95003,
        "std": 0.0007040359839288471,
        "n": 10
      },
      "q": {
        "mean": 0.95003,
        "std": 0.0007040359839288471,
        "n": 10
      },
      "d": {
        "mean": 1.0,
        "std": 0.0,
        "n": 10
      },
      "cost_per_u": {
        "mean": 108.991,
        "std": 24.965309909730518,
        "n": 10
      },
      "wip_avg": {
        "mean": 3.474,
        "std": 0.5273244837015546,
        "n": 10
      },
      "wip_sd": {
        "mean": 5.056185246911964,
        "std": 0.6371251198382463,
        "n": 10
      },
      "nervousness": {
        "mean": 0.133,
        "std": 0.0,
        "n": 10
      },
      "rupture_pct": {
        "mean": 0.0,
        "std": 0.0,
        "n": 10
      },
      "recovery_days": {
        "mean": 6.5,
        "std": 4.8362060428489695,
        "n": 10
      }
    },
    "OF+EVENT": {
      "n_runs": 10,
      "otif": {
        "mean": 0.95003,
        "std": 0.0007040359839288471,
        "n": 10
      },
      "q": {
        "mean": 0.95003,
        "std": 0.0007040359839288471,
        "n": 10
      },
      "d": {
        "mean": 1.0,
        "std": 0.0,
        "n": 10
      },
      "cost_per_u": {
        "mean": 104.721,
        "std": 23.83554462935088,
        "n": 10
      },
      "wip_avg": {
        "mean": 3.431,
        "std": 0.5354842045600723,
        "n": 10
      },
      "wip_sd": {
        "mean": 5.068001500401372,
        "std": 0.6307002017954755,
        "n": 10
      },
      "nervousness": {
        "mean": 0.0466,
        "std": 0.017557524502806957,
        "n": 10
      },
      "rupture_pct": {
        "mean": 0.0,
        "std": 0.0,
        "n": 10
      },
      "recovery_days": {
        "mean": 6.3,
        "std": 4.715223571935199,
        "n": 10
      }
    },
    "FLUX+EVENT": {
      "n_runs": 10,
      "otif": {
        "mean": 0.9246325,
        "std": 0.04955671561453603,
        "n": 10
      },
      "q": {
        "mean": 0.94838,
        "std": 0.00544891426493999,
        "n": 10
      },
      "d": {
        "mean": 0.975,
        "std": 0.05270462766947299,
        "n": 10
      },
      "cost_per_u": {
        "mean": 89.35,
        "std": 23.271450320081044,
        "n": 10
      },
      "wip_avg": {
        "mean": 2.696,
        "std": 0.7703707621081626,
        "n": 10
      },
      "wip_sd": {
        "mean": 3.9587951182997316,
        "std": 0.6077499211087337,
        "n": 10
      },
      "nervousness": {
        "mean": 0.0466,
        "std": 0.017557524502806957,
        "n": 10
      },
      "rupture_pct": {
        "mean": 0.025,
        "std": 0.05270462766947299,
        "n": 10
      },
      "recovery_days": {
        "mean": 5.5,
        "std": 4.743416490252569,
        "n": 10
      }
    },
    "OF+EVENT+BCE": {
      "n_runs": 10,
      "otif": {
        "mean": 0.95003,
        "std": 0.0007040359839288471,
        "n": 10
      },
      "q": {
        "mean": 0.95003,
        "std": 0.0007040359839288471,
        "n": 10
      },
      "d": {
        "mean": 1.0,
        "std": 0.0,
        "n": 10
      },
      "cost_per_u": {
        "mean": 104.721,
        "std": 23.83554462935088,
        "n": 10
      },
      "wip_avg": {
        "mean": 3.431,
        "std": 0.5354842045600723,
        "n": 10
      },
      "wip_sd": {
        "mean": 5.068001500401372,
        "std": 0.6307002017954755,
        "n": 10
      },
      "nervousness": {
        "mean": 0.0466,
        "std": 0.017557524502806957,
        "n": 10
      },
      "rupture_pct": {
        "mean": 0.0,
        "std": 0.0,
        "n": 10
      },
      "recovery_days": {
        "mean": 6.3,
        "std": 4.715223571935199,
        "n": 10
      }
    },
    "FLUX+EVENT+BCE": {
      "n_runs": 10,
      "otif": {
        "mean": 0.9246325,
        "std": 0.04955671561453603,
        "n": 10
      },
      "q": {
        "mean": 0.94838,
        "std": 0.00544891426493999,
        "n": 10
      },
      "d": {
        "mean": 0.975,
        "std": 0.05270462766947299,
        "n": 10
      },
      "cost_per_u": {
        "mean": 89.35,
        "std": 23.271450320081044,
        "n": 10
      },
      "wip_avg": {
        "mean": 2.696,
        "std": 0.7703707621081626,
        "n": 10
      },
      "wip_sd": {
        "mean": 3.9587951182997316,
        "std": 0.6077499211087337,
        "n": 10
      },
      "nervousness": {
        "mean": 0.0466,
        "std": 0.017557524502806957,
        "n": 10
      },
      "rupture_pct": {
        "mean": 0.025,
        "std": 0.05270462766947299,
        "n": 10
      },
      "recovery_days": {
        "mean": 5.5,
        "std": 4.743416490252569,
        "n": 10
      }
    }
  },
  "moyen": {
    "OF": {
      "n_runs": 10,
      "otif": {
        "mean": 0.9465,
        "std": 0.006143108152863489,
        "n": 10
      },
      "q": {
        "mean": 0.9465,
        "std": 0.006143108152863489,
        "n": 10
      },
      "d": {
        "mean": 1.0,
        "std": 0.0,
        "n": 10
      },
      "cost_per_u": {
        "mean": 123.325,
        "std": 14.86009439928144,
        "n": 10
      },
      "wip_avg": {
        "mean": 5.498,
        "std": 0.8014680973757541,
        "n": 10
      },
      "wip_sd": {
        "mean": 8.42510578553214,
        "std": 1.0632186366515388,
        "n": 10
      },
      "nervousness": {
        "mean": 0.133,
        "std": 0.0,
        "n": 10
      },
      "rupture_pct": {
        "mean": 0.0,
        "std": 0.0,
        "n": 10
      },
      "recovery_days": {
        "mean": 14.3,
        "std": 4.595891885393109,
        "n": 10
      }
    },
    "OF+EVENT": {
      "n_runs": 10,
      "otif": {
        "mean": 0.94712,
        "std": 0.005427461039319713,
        "n": 10
      },
      "q": {
        "mean": 0.94712,
        "std": 0.005427461039319713,
        "n": 10
      },
      "d": {
        "mean": 1.0,
        "std": 0.0,
        "n": 10
      },
      "cost_per_u": {
        "mean": 120.381,
        "std": 14.306673229262241,
        "n": 10
      },
      "wip_avg": {
        "mean": 5.415,
        "std": 0.8141150614829166,
        "n": 10
      },
      "wip_sd": {
        "mean": 8.421751599073279,
        "std": 1.069135927411141,
        "n": 10
      },
      "nervousness": {
        "mean": 0.039599999999999996,
        "std": 0.009276014469827246,
        "n": 10
      },
      "rupture_pct": {
        "mean": 0.0,
        "std": 0.0,
        "n": 10
      },
      "recovery_days": {
        "mean": 13.9,
        "std": 4.508017549014447,
        "n": 10
      }
    },
    "FLUX+EVENT": {
      "n_runs": 10,
      "otif": {
        "mean": 0.94885,
        "std": 0.004566362520285352,
        "n": 10
      },
      "q": {
        "mean": 0.94885,
        "std": 0.004566362520285352,
        "n": 10
      },
      "d": {
        "mean": 1.0,
        "std": 0.0,
        "n": 10
      },
      "cost_per_u": {
        "mean": 112.51,
        "std": 21.858900043485974,
        "n": 10
      },
      "wip_avg": {
        "mean": 4.8629999999999995,
        "std": 1.0806690314594731,
        "n": 10
      },
      "wip_sd": {
        "mean": 6.881942518020578,
        "std": 1.1506493101181596,
        "n": 10
      },
      "nervousness": {
        "mean": 0.039599999999999996,
        "std": 0.009276014469827246,
        "n": 10
      },
      "rupture_pct": {
        "mean": 0.0,
        "std": 0.0,
        "n": 10
      },
      "recovery_days": {
        "mean": 14.7,
        "std": 3.917198545446024,
        "n": 10
      }
    },
    "OF+EVENT+BCE": {
      "n_runs": 10,
      "otif": {
        "mean": 0.94712,
        "std": 0.005427461039319713,
        "n": 10
      },
      "q": {
        "mean": 0.94712,
        "std": 0.005427461039319713,
        "n": 10
      },
      "d": {
        "mean": 1.0,