{
  "done": 576,
  "total": 576,
  "crashed": 0,
  "progress_pct": 1.0,
  "elapsed_seconds": 1255.2108347415924,
  "eta_seconds": 0.0,
  "current": {
    "level": "rupture",
    "shock": "supply_heavy",
    "seed": 10007
  },
  "stats_by_config": {
    "OF": {
      "n": 192,
      "otif_mean": 0.9436194993229167,
      "cost_per_u_mean": 116.66151041666667,
      "wip_sd_mean": 12.214855316633214,
      "nervousness_mean": 0.17099999999999999,
      "rupture_pct_mean": 0.0018400603596617341
    },
    "OF+EVENT": {
      "n": 192,
      "otif_mean": 0.9449401360416667,
      "cost_per_u_mean": 111.44958333333334,
      "wip_sd_mean": 12.195677278488468,
      "nervousness_mean": 0.02725,
      "rupture_pct_mean": 0.001889699900228694
    },
    "FLUX+EVENT": {
      "n": 192,
      "otif_mean": 0.9438992516145833,
      "cost_per_u_mean": 98.23807291666667,
      "wip_sd_mean": 9.183495634609894,
      "nervousness_mean": 0.02285416666666667,
      "rupture_pct_mean": 0.00322075999773616
    }
  }
}