{
  "done": 120,
  "total": 120,
  "crashed": 0,
  "progress_pct": 1.0,
  "elapsed_seconds": 406.2701418399811,
  "eta_seconds": 0.0,
  "current": {
    "level": "rupture",
    "shock": "supply_heavy",
    "seed": 10000
  },
  "stats_by_config": {
    "OF": {
      "n": 24,
      "otif_mean": 0.9419383675,
      "cost_per_u_mean": 113.87416666666667,
      "wip_sd_mean": 11.51159017567443,
      "nervousness_mean": 0.17099999999999999,
      "rupture_pct_mean": 0.002065483476132191
    },
    "OF+EVENT": {
      "n": 24,
      "otif_mean": 0.9447802591666666,
      "cost_per_u_mean": 108.85291666666667,
      "wip_sd_mean": 11.498197441767696,
      "nervousness_mean": 0.020083333333333335,
      "rupture_pct_mean": 0.002065483476132191
    },
    "FLUX+EVENT": {
      "n": 24,
      "otif_mean": 0.9425510729166666,
      "cost_per_u_mean": 84.22625000000001,
      "wip_sd_mean": 8.177705504621647,
      "nervousness_mean": 0.020083333333333335,
      "rupture_pct_mean": 0.004798458386526456
    },
    "OF+EVENT+BCE": {
      "n": 24,
      "otif_mean": 0.9447802591666666,
      "cost_per_u_mean": 108.85291666666667,
      "wip_sd_mean": 11.498197441767696,
      "nervousness_mean": 0.020083333333333335,
      "rupture_pct_mean": 0.002065483476132191
    },
    "FLUX+EVENT+BCE": {
      "n": 24,
      "otif_mean": 0.9425510729166666,
      "cost_per_u_mean": 83.835,
      "wip_sd_mean": 8.178569290369877,
      "nervousness_mean": 0.020083333333333335,
      "rupture_pct_mean": 0.004798458386526456
    }
  }
}